{"cameraMode":{"drawMode":0,"name":"Shaded","section":"Shading Mode"},"sceneLighting":false,"audioPlay":false,"sceneViewState":{"showFog":true,"showMaterialUpdate":false,"showSkybox":false,"showFlares":true,"showImageEffects":true,"showParticleSystems":true},"in2DMode":false,"pivot":{"x":-1.0928536653518677,"y":-1.0199999809265137,"z":9.0},"rotation":{"x":0.0498167984187603,"y":0.2119964063167572,"z":-0.010820445604622364,"w":0.9759476184844971},"size":1.5454199314117432,"orthographic":false}