{"cameraMode":{"drawMode":0,"name":"Shaded","section":"Shading Mode"},"sceneLighting":true,"audioPlay":false,"sceneViewState":{"showFog":true,"showMaterialUpdate":false,"showSkybox":true,"showFlares":true,"showImageEffects":true,"showParticleSystems":true},"in2DMode":false,"pivot":{"x":0.011297523975372315,"y":0.014303028583526612,"z":-0.13729959726333619},"rotation":{"x":0.2691727578639984,"y":0.2862735986709595,"z":-0.084149569272995,"w":0.9157053232192993},"size":0.460332453250885,"orthographic":false}