{"cameraMode":{"drawMode":0,"name":"Shaded","section":"Shading Mode"},"sceneLighting":true,"audioPlay":false,"sceneViewState":{"showFog":true,"showMaterialUpdate":false,"showSkybox":true,"showFlares":true,"showImageEffects":true,"showParticleSystems":true},"in2DMode":false,"pivot":{"x":0.16456064581871034,"y":-0.021881282329559327,"z":0.12671831250190736},"rotation":{"x":0.10432322323322296,"y":-0.354259192943573,"z":0.03982555866241455,"w":0.9284777641296387},"size":0.6573230028152466,"orthographic":false}