{"cameraMode":{"drawMode":0,"name":"Shaded","section":"Shading Mode"},"sceneLighting":true,"audioPlay":false,"sceneViewState":{"showFog":true,"showMaterialUpdate":false,"showSkybox":true,"showFlares":true,"showImageEffects":true,"showParticleSystems":true},"in2DMode":false,"pivot":{"x":-1.0928536653518677,"y":-31.921504974365236,"z":-0.9999935626983643},"rotation":{"x":0.22044657170772553,"y":0.4121520221233368,"z":-0.10348585247993469,"w":0.8779749274253845},"size":43.22944259643555,"orthographic":false}